alias,name,dept
A. Antony Franklin,A. Antony Franklin,IIT Hyderabad
A. Baskar,A. Baskar,BITS Pilani-Goa
A. V. Sreejith,A. V. Sreejith,IIT Goa
A. V. Subramanyam,A. V. Subramanyam,IIIT Delhi
Aaditeshwar Seth,Aaditeshwar Seth,IIT Delhi
Abhijit Das 0004,Abhijit Das 0004,IIT Kharagpur
Abhilash Jindal,Abhilash Jindal,IIT Delhi
Abhinav Dhall,Abhinav Dhall,IIT Ropar
Abhiram G. Ranade,Abhiram G. Ranade,IIT Bombay
Abhiram Ranade,Abhiram G. Ranade,IIT Bombay
Abhishek Bichhawat,Abhishek Bichhawat,IIT Gandhinagar
Abhishek Mishra,Abhishek Mishra,BITS Pilani
Abhishek Sarkar,Abhishek Sarkar,IIIT Hyderabad
Abhishek Sinha,Abhishek Sinha,Tata Inst. of Fundamental Research
Abhishek Srivastava,Abhishek Srivastava,IIT Indore
Bodhisatwa Mazumdar,Abhishek Srivastava,IIT Indore
Gourinath Banda,Abhishek Srivastava,IIT Indore
Abir Das,Abir Das,IIT Kharagpur
Abir De,Abir De,IIT Bombay
Abyayananda Maiti,Abyayananda Maiti,IIT Patna
Aditya Challa,Aditya Challa,BITS Pilani-Goa
Aditya Kanade,Aditya Kanade,IISc Bangalore
Ambedkar Dukkipati,Aditya Kanade,IISc Bangalore
Chiranjib Bhattacharyya,Aditya Kanade,IISc Bangalore
Chiru Bhattacharyya,Aditya Kanade,IISc Bangalore
K. Gopinath,Aditya Kanade,IISc Bangalore
Kanchi Gopinath,Aditya Kanade,IISc Bangalore
Matthew J. Thazhuthaveetil,Aditya Kanade,IISc Bangalore
Matthew Thazhuthaveetil,Aditya Kanade,IISc Bangalore
V. Susheela Devi,Aditya Kanade,IISc Bangalore
Y. Narahari,Aditya Kanade,IISc Bangalore
Y.N. Srikant,Aditya Kanade,IISc Bangalore
Yadati Narahari,Aditya Kanade,IISc Bangalore
Aditya Nigam,Aditya Nigam,IIT Mandi
Aditya Tatu,Aditya Tatu,DAIICT
Amit Sengupta,Aditya Tatu,DAIICT
Asim Banerjee,Aditya Tatu,DAIICT
Deepak K. Ghodgaonkar,Aditya Tatu,DAIICT
Gagan Garg,Aditya Tatu,DAIICT
Kalyan Sasidhar,Aditya Tatu,DAIICT
Manish Narwaria,Aditya Tatu,DAIICT
Manjunath V. Joshi,Aditya Tatu,DAIICT
Minal Bhise,Aditya Tatu,DAIICT
Mukesh Tiwari,Aditya Tatu,DAIICT
Pokhar Mal Jat,Aditya Tatu,DAIICT
Rahul Dubey,Aditya Tatu,DAIICT
Rahul Muthu,Aditya Tatu,DAIICT
Rajib Lochan Das,Aditya Tatu,DAIICT
Ranendu Ghosh,Aditya Tatu,DAIICT
Sanjeev Gupta,Aditya Tatu,DAIICT
Saurabh Tiwari,Aditya Tatu,DAIICT
Sourish Dasgupta,Aditya Tatu,DAIICT
Yash Vasavada,Aditya Tatu,DAIICT
Aiswarya Cyriac,Aiswarya Cyriac,CMI
C. Aiswarya,Aiswarya Cyriac,CMI
Cyriac Aiswarya,Aiswarya Cyriac,CMI
Ajai Jain,Ajai Jain,IIT Kanpur
Ajit A. Diwan,Ajit A. Diwan,IIT Bombay
Ajit Arvind Diwan,Ajit A. Diwan,IIT Bombay
Ajit Rajwade 0001,Ajit Rajwade 0001,IIT Bombay
Ajit V. Rajwade 0001,Ajit Rajwade 0001,IIT Bombay
Amaldev Manuel,Amaldev Manuel,IIT Goa
Aman Parnami,Aman Parnami,IIIT Delhi
Amarjeet Singh 0001,Amarjeet Singh 0001,IIIT Delhi
Amey Karkare,Amey Karkare,IIT Kanpur
Amit Awekar,Amit Awekar,IIT Guwahati
Amit Banerjee,Amit Banerjee,South Asian University
Amit Chattopadhyay,Amit Chattopadhyay,IIIT Bangalore
Amit Dua,Amit Dua,BITS Pilani
Sundaresan Raman,Amit Dua,BITS Pilani
Vandana Agarwal,Amit Dua,BITS Pilani
Virendra Singh Shekhawat,Amit Dua,BITS Pilani
Amit Kumar 0001,Amit Kumar 0001,IIT Delhi
Dipankar Nagchoudhuri,Amit Sengupta,DAIICT
Naresh Jotwani,Amit Sengupta,DAIICT
Rajendra Mitharwal,Amit Sengupta,DAIICT
Rutu Parekh,Amit Sengupta,DAIICT
Amitabha Bagchi,Amitabha Bagchi,IIT Delhi
Amitabha Mukerjee,Amitabha Mukerjee,IIT Kanpur
Amitabha Sanyal,Amitabha Sanyal,IIT Bombay
Ashutosh Gupta 0001,Amitabha Sanyal,IIT Bombay
Ashutosh Kumar Gupta 0001,Amitabha Sanyal,IIT Bombay
Bernard L. Menezes,Amitabha Sanyal,IIT Bombay
Bernard Menezes,Amitabha Sanyal,IIT Bombay
Deepak B. Phatak,Amitabha Sanyal,IIT Bombay
Dhananjay M. Dhamdhere,Amitabha Sanyal,IIT Bombay
Nandlal L. Sarda,Amitabha Sanyal,IIT Bombay
Swaprava Nath,Amitabha Sanyal,IIT Bombay
Amrita Chaturvedi,Amrita Chaturvedi,IIT (BHU) Varanasi
Hari Prabhat Gupta,Amrita Chaturvedi,IIT (BHU) Varanasi
K. Lakshmanan 0001,Amrita Chaturvedi,IIT (BHU) Varanasi
Ruchir Gupta,Amrita Chaturvedi,IIT (BHU) Varanasi
Tanima Dutta,Amrita Chaturvedi,IIT (BHU) Varanasi
Anand Louis,Anand Louis,IISc Bangalore
Anand Mishra 0001,Anand Mishra 0001,IIT Jodhpur
Angshul Majumdar,Angshul Majumdar,IIIT Delhi
Angshuman Paul,Angshuman Paul,IIT Jodhpur
Anil Kumar Sao,Anil Kumar Sao,IIT Mandi
Anil Kumar Singh,Anil Kumar Singh,IIT (BHU) Varanasi
Anil Kumar Tripathi,Anil Kumar Tripathi,IIT (BHU) Varanasi
Anil Kumar Vuppala,Anil Kumar Vuppala,IIIT Hyderabad
Anil Vuppala,Anil Kumar Vuppala,IIIT Hyderabad
Anil Seth,Anil Seth,IIT Kanpur
Dheeraj Sanghi,Anil Seth,IIT Kanpur
Harish Karnick,Anil Seth,IIT Kanpur
Phalguni Gupta,Anil Seth,IIT Kanpur
Piyush P Kurur,Anil Seth,IIT Kanpur
Rajat Moona,Anil Seth,IIT Kanpur
Sumit Ganguly,Anil Seth,IIT Kanpur
Sunil Easaw Simon,Anil Seth,IIT Kanpur
Sunil Simon,Anil Seth,IIT Kanpur
Anil Shukla,Anil Shukla,IIT Jodhpur
Animesh Mukherjee 0001,Animesh Mukherjee 0001,IIT Kharagpur
Anirban Dasgupta 0001,Anirban Dasgupta 0001,IIT Gandhinagar
Anirban Sengupta,Anirban Sengupta,IIT Indore
Anish Kumar Saha,Anish Kumar Saha,National Institute of Technology Silchar
Anish Mathuria,Anish Mathuria,DAIICT
Anisur Rahaman Molla,Anisur Rahaman Molla,ISI Kolkata
Anoop M. Namboodiri,Anoop M. Namboodiri,IIIT Hyderabad
Anshul Kumar,Anshul Kumar,IIT Delhi
Huzur Saran,Anshul Kumar,IIT Delhi
Prem K. Kalra,Anshul Kumar,IIT Delhi
Prem Kalra,Anshul Kumar,IIT Delhi
Prem Kumar Kalra,Anshul Kumar,IIT Delhi
Rahul Narain,Anshul Kumar,IIT Delhi
Sanjiva Prasad,Anshul Kumar,IIT Delhi
Saroj Kaushik,Anshul Kumar,IIT Delhi
Subodh Kumar 0001,Anshul Kumar,IIT Delhi
Ansuman Banerjee,Ansuman Banerjee,ISI Kolkata
Anubha Gupta,Anubha Gupta,IIIT Delhi
Anup Bhattacharya,Anup Bhattacharya,NISER
Anup Kumar Bhattacharya,Anup Bhattacharya,NISER
Anupam Basu,Anupam Basu,IIT Kharagpur
Anupam Biswas,Anupam Biswas,National Institute of Technology Silchar
Anurag Mittal,Anurag Mittal,IIT Madras
Apurva Mudgal,Apurva Mudgal,IIT Ropar
Balwinder Sodhi,Apurva Mudgal,IIT Ropar
S. R. S. Iyengar,Apurva Mudgal,IIT Ropar
Sudarshan Iyengar,Apurva Mudgal,IIT Ropar
Arani Bhattacharya,Arani Bhattacharya,IIIT Delhi
Arijit Bishnu,Arijit Bishnu,ISI Kolkata
Bimal K. Roy,Arijit Bishnu,ISI Kolkata
Bimal Kumar Roy,Arijit Bishnu,ISI Kolkata
Bimal Roy,Arijit Bishnu,ISI Kolkata
Deba Prasad Mandal,Arijit Bishnu,ISI Kolkata
Naqueeb Ahmad Warsi,Arijit Bishnu,ISI Kolkata
Sabyasachi Karati,Arijit Bishnu,ISI Kolkata
Srimanta Pal,Arijit Bishnu,ISI Kolkata
Arijit Ghosh,Arijit Ghosh,ISI Kolkata
Arijit Mondal,Arijit Mondal,IIT Patna
Arijit Sur,Arijit Sur,IIT Guwahati
Benny George Kenkireth,Arijit Sur,IIT Guwahati
Deepanjan Kesh,Arijit Sur,IIT Guwahati
R. Inkulu,Arijit Sur,IIT Guwahati
Rajasekhar Inkulu,Arijit Sur,IIT Guwahati
Sanasam Ranbir Singh,Arijit Sur,IIT Guwahati
Arindam Khan 0001,Arindam Khan 0001,IISc Bangalore
Aritra Banik,Aritra Banik,NISER
Aritra Hazra,Aritra Hazra,IIT Kharagpur
Arkadev Chattopadhyay,Arkadev Chattopadhyay,Tata Inst. of Fundamental Research
Arkaprava Basu,Arkaprava Basu,IISc Bangalore
Arnab Bhattacharya 0001,Arnab Bhattacharya 0001,IIT Kanpur
Arnab K. Paul,Arnab K. Paul,BITS Pilani-Goa
Arnab Kumar Paul,Arnab K. Paul,BITS Pilani-Goa
Arnab Sarkar,Arnab Sarkar,IIT Guwahati
Arobinda Gupta,Arobinda Gupta,IIT Kharagpur
Jayanta Mukherjee 0001,Arobinda Gupta,IIT Kharagpur
Jayanta Mukhopadhyay,Arobinda Gupta,IIT Kharagpur
Somindu C. Ramanna,Arobinda Gupta,IIT Kharagpur
Sudebkumar Prasant Pal,Arobinda Gupta,IIT Kharagpur
Swagato Sanyal,Arobinda Gupta,IIT Kharagpur
Aroor Dinesh Dileep,Aroor Dinesh Dileep,IIT Mandi
Dileep Aroor Dinesh,Aroor Dinesh Dileep,IIT Mandi
Renu M. Rameshan,Aroor Dinesh Dileep,IIT Mandi
Renu Rameshan,Aroor Dinesh Dileep,IIT Mandi
Srikant Srinivasan,Aroor Dinesh Dileep,IIT Mandi
Timothy A. Gonsalves,Aroor Dinesh Dileep,IIT Mandi
Arpita Korwar,Arpita Korwar,IIT Goa
Arpita Patra,Arpita Patra,IISc Bangalore
Arun Balaji Buduru,Arun Balaji Buduru,IIIT Delhi
Arun Chauhan 0002,Arun Chauhan 0002,BITS Pilani
Arun Rajkumar,Arun Rajkumar,IIT Madras
Aruna Tiwari,Aruna Tiwari,IIT Indore
Aryabartta Sahu,Aryabartta Sahu,IIT Guwahati
Ashish Anand,Ashish Anand,IIT Guwahati
Ashish Choudhary,Ashish Choudhary,IIIT Bangalore
Ashish Choudhury,Ashish Choudhary,IIIT Bangalore
Ashish Ghosh,Ashish Ghosh,ISI Kolkata
Ashok Kumar Das,Ashok Kumar Das,IIIT Hyderabad
Ashok Singh Sairam,Ashok Singh Sairam,IIT Patna
Jimson Mathew,Ashok Singh Sairam,IIT Patna
Samrat Mondal,Ashok Singh Sairam,IIT Patna
Sourav Kumar Dandapat,Ashok Singh Sairam,IIT Patna
Ashutosh Bhatia,Ashutosh Bhatia,BITS Pilani
Ashutosh Modi,Ashutosh Modi,IIT Kanpur
Ashwin Srinivasan 0001,Ashwin Srinivasan 0001,BITS Pilani-Goa
Asif Ekbal,Asif Ekbal,IIT Patna
Avinash Gautam,Avinash Gautam,BITS Pilani
Avinash Sharma 0001,Avinash Sharma 0001,IIIT Hyderabad
Ayan Chaudhury,Ayan Chaudhury,IIT Kharagpur
Ayon Chakraborty,Ayon Chakraborty,IIT Madras
B. B. Amberker,B. B. Amberker,National Institute of Technology Warangal
Bharat Amberker,B. B. Amberker,National Institute of Technology Warangal
B. Srivathsan,B. Srivathsan,CMI
B. V. Raghavendra Rao,B. V. Raghavendra Rao,IIT Madras
Badal Soni,Badal Soni,National Institute of Technology Silchar
Bala Prakasa Rao Killi,Bala Prakasa Rao Killi,National Institute of Technology Warangal
Balaprakasa Rao Killi,Bala Prakasa Rao Killi,National Institute of Technology Warangal
Balagopal Komarath,Balagopal Komarath,IIT Gandhinagar
Balaji Parthasarathy,Balaji Parthasarathy,IIIT Bangalore
Balaraman Ravindran,Balaraman Ravindran,IIT Madras
Balasubramanian Raman,Balasubramanian Raman,IIT Roorkee
Raman Balasubramanian,Balasubramanian Raman,IIT Roorkee
Bapi Chatterjee,Bapi Chatterjee,IIIT Delhi
Bapi Raju Surampudi,Bapi Raju Surampudi,IIIT Hyderabad
Raju S. Bapi,Bapi Raju Surampudi,IIIT Hyderabad
Raju Surampudi Bapi,Bapi Raju Surampudi,IIIT Hyderabad
S. Bapi Raju,Bapi Raju Surampudi,IIIT Hyderabad
Surampudi Bapi Raju,Bapi Raju Surampudi,IIIT Hyderabad
Basabdatta B. Sen,Basabdatta B. Sen,BITS Pilani-Goa
Basabdatta Sen Bhattacharya,Basabdatta B. Sen,BITS Pilani-Goa
Bhabatosh Chanda,Bhabatosh Chanda,ISI Kolkata
Bharat Adsul,Bharat Adsul,IIT Bombay
Bharat M. Deshpande,Bharat M. Deshpande,BITS Pilani-Goa
Bhargab B. Bhattacharya,Bhargab B. Bhattacharya,IIT Kharagpur
Bhaskaran Raman,Bhaskaran Raman,IIT Bombay
Bhavana Kanukurthi,Bhavana Kanukurthi,IISc Bangalore
Bheemarjuna Reddy Tamma,Bheemarjuna Reddy Tamma,IIT Hyderabad
Tamma Bheemarjuna Reddy,Bheemarjuna Reddy Tamma,IIT Hyderabad
Bijoy Chand Chatterjee,Bijoy Chand Chatterjee,South Asian University
Biju K. Raveendran,Biju K. Raveendran,BITS Pilani-Goa
Biplab Banerjee,Biplab Banerjee,IIT Roorkee
Bireswar Das,Bireswar Das,IIT Gandhinagar
Biswa,Biswa,IIT Bombay
Biswabandan Panda,Biswa,IIT Bombay
Biswajit Mishra,Biswajit Mishra,DAIICT
Biswajit Purkayastha,Biswajit Purkayastha,National Institute of Technology Silchar
Biswanath Dey,Biswanath Dey,National Institute of Technology Silchar
Bivas Mitra,Bivas Mitra,IIT Kharagpur
Bulusu Uma Shankar,Bulusu Uma Shankar,ISI Kolkata
C Ravindranath Chowdary,C Ravindranath Chowdary,IIT (BHU) Varanasi
C. Chandra Sekhar,C. Chandra Sekhar,IIT Madras
Chellu Chandra Sekhar,C. Chandra Sekhar,IIT Madras
C. Krishna Mohan,C. Krishna Mohan,IIT Hyderabad
Chalavadi Krishna Mohan,C. Krishna Mohan,IIT Hyderabad
Krishna Mohan C,C. Krishna Mohan,IIT Hyderabad
C. Pandu Rangan,C. Pandu Rangan,IIT Madras
C. Pandurangan,C. Pandu Rangan,IIT Madras
Chandrasekaran Pandu Rangan,C. Pandu Rangan,IIT Madras
C. R. Subramanian 0001,C. R. Subramanian 0001,IMSc
C. Siva Ram Murthy,C. Siva Ram Murthy,IIT Madras
Chebiyyam Siva Ram Murthy,C. Siva Ram Murthy,IIT Madras
C. V. Jawahar,C. V. Jawahar,IIIT Hyderabad
Cheerakkuzhi Veluthemana Jawahar,C. V. Jawahar,IIIT Hyderabad
Ch. Sobhan Babu,Ch. Sobhan Babu,IIT Hyderabad
Karteek Sreenivasaiah,Ch. Sobhan Babu,IIT Hyderabad
Sobhan Babu Chintapalli,Ch. Sobhan Babu,IIT Hyderabad
Subrahmanyam Kalyanasundaram,Ch. Sobhan Babu,IIT Hyderabad
Chandan Karfa,Chandan Karfa,IIT Guwahati
Chandan Mazumdar,Chandan Mazumdar,Jadavpur University
Chitrita Chaudhuri,Chandan Mazumdar,Jadavpur University
Nirmalya Chowdhury,Chandan Mazumdar,Jadavpur University
Chandan Saha 0001,Chandan Saha 0001,IISc Bangalore
Chandrashekar Ramanathan,Chandrashekar Ramanathan,IIIT Bangalore
Chandreyee Chowdhury,Chandreyee Chowdhury,Jadavpur University
Chapram Sudhakar,Chapram Sudhakar,National Institute of Technology Warangal
K. Ramesh,Chapram Sudhakar,National Institute of Technology Warangal
R. B. V. Subramanyam,Chapram Sudhakar,National Institute of Technology Warangal
Charu Sharma,Charu Sharma,IIIT Hyderabad
Chaya Ganesh,Chaya Ganesh,IISc Bangalore
Chester Rebeiro,Chester Rebeiro,IIT Madras
Chetan Arora 0001,Chetan Arora 0001,IIT Delhi
Chetan D. Parikh,Chetan D. Parikh,IIIT Bangalore
Chiranjoy Chattopadhyay,Chiranjoy Chattopadhyay,IIT Jodhpur
Chitta Mandal,Chitta Mandal,IIT Kharagpur
Chittaranjan A. Mandal,Chitta Mandal,IIT Kharagpur
Chittaranjan Mandal,Chitta Mandal,IIT Kharagpur
Chittaranjan Mandal 0001,Chitta Mandal,IIT Kharagpur
Clint P. George,Clint P. George,IIT Goa
Clint Pazhayidam George,Clint P. George,IIT Goa
D. Janaki Ram,D. Janaki Ram,IIT Madras
D. Janakiram,D. Janaki Ram,IIT Madras
Dharanipragada Janakiram,D. Janaki Ram,IIT Madras
Janakiram Dharanipragada,D. Janaki Ram,IIT Madras
Dalton Meitei Thounaojam,Dalton Meitei Thounaojam,National Institute of Technology Silchar
Debabrata Das,Debabrata Das,IIIT Bangalore
Debajyoti Bera,Debajyoti Bera,IIIT Delhi
Debapriyo Majumdar,Debapriyo Majumdar,ISI Kolkata
Debarka Sengupta,Debarka Sengupta,IIIT Delhi
Debasis Das 0001,Debasis Das 0001,IIT Jodhpur
Debasis Samanta,Debasis Samanta,IIT Kharagpur
Debdeep Mukhopadhyay,Debdeep Mukhopadhyay,IIT Kharagpur
Debi Prosad Dogra,Debi Prosad Dogra,IIT Bhubaneswar
Debotosh Bhattacharjee,Debotosh Bhattacharjee,Jadavpur University
Debrup Chakraborty,Debrup Chakraborty,ISI Kolkata
Deepak D'Souza,Deepak D'Souza,IISc Bangalore
Deepak Khemani,Deepak Khemani,IIT Madras
Harish G. Ramaswamy,Deepak Khemani,IIT Madras
Harish Guruprasad Ramaswamy,Deepak Khemani,IIT Madras
Meghana Nasre,Deepak Khemani,IIT Madras
Rajsekar Manokaran,Deepak Khemani,IIT Madras
Rupesh Nasre,Deepak Khemani,IIT Madras
Deepak Mishra 0001,Deepak Mishra 0001,IIT Jodhpur
Deepti R. Bathula,Deepti R. Bathula,IIT Ropar
Devarajan Sridharan,Devarajan Sridharan,IISc Bangalore
Devashish Gosain,Devashish Gosain,BITS Pilani-Goa
Dhaval Patel 0002,Dhaval Patel 0002,IIT Roorkee
Dhruv Kumar 0001,Dhruv Kumar 0001,IIIT Delhi
Diganta Goswami,Diganta Goswami,IIT Guwahati
Diganta Saha,Diganta Saha,Jadavpur University
Dilip P. Patil,Dilip P. Patil,IISc Bangalore
Dinesh Babu J.,Dinesh Babu J.,IIIT Bangalore
Dinesh Babu Jayagopi,Dinesh Babu J.,IIIT Bangalore
Dip Sankar Banerjee,Dip Sankar Banerjee,IIT Jodhpur
Dipankar Das 0001,Dipankar Das 0001,Jadavpur University
Dipanwita Roy Chowdhury,Dipanwita Roy Chowdhury,IIT Kharagpur
Diptendu Chatterjee,Diptendu Chatterjee,BITS Pilani-Goa
Dipti Misra Sharma,Dipti Misra Sharma,IIIT Hyderabad
K. Srinathan,Dipti Misra Sharma,IIIT Hyderabad
Kalluri R. Sarma,Dipti Misra Sharma,IIIT Hyderabad
Kannan Srinathan,Dipti Misra Sharma,IIIT Hyderabad
Kavita Vemuri,Dipti Misra Sharma,IIIT Hyderabad
R. K. Bagga,Dipti Misra Sharma,IIIT Hyderabad
Raghu Reddy,Dipti Misra Sharma,IIIT Hyderabad
Rambabu Kalla,Dipti Misra Sharma,IIIT Hyderabad
Ramesh Loganathan,Dipti Misra Sharma,IIIT Hyderabad
Shatrunjay Rawat,Dipti Misra Sharma,IIIT Hyderabad
Y. Raghu Reddy,Dipti Misra Sharma,IIIT Hyderabad
Dipti Prasad Mukherjee,Dipti Prasad Mukherjee,ISI Kolkata
Divya Padmanabhan,Divya Padmanabhan,IIT Goa
Donghoon Chang,Donghoon Chang,IIIT Delhi
Durga Toshniwal,Durga Toshniwal,IIT Roorkee
Rajdeep Niyogi,Durga Toshniwal,IIT Roorkee
Durvasula V. L. N. Somayajulu,Durvasula V. L. N. Somayajulu,National Institute of Technology Warangal
Dutta Borah Malaya,Dutta Borah Malaya,National Institute of Technology Silchar
Malaya Dutta Borah,Dutta Borah Malaya,National Institute of Technology Silchar
Earnest Paul Ijjina,Earnest Paul Ijjina,National Institute of Technology Warangal
Erukala Suresh Babu,Erukala Suresh Babu,National Institute of Technology Warangal
Fahad Panolan,Fahad Panolan,IIT Hyderabad
G. N. Srinivasa Prasanna,G. N. Srinivasa Prasanna,IIIT Bangalore
G. Srinivasa Raghavan 0001,G. N. Srinivasa Prasanna,IIIT Bangalore
G. Srinivasaraghavan 0001,G. N. Srinivasa Prasanna,IIIT Bangalore
Gopalakrishnan Srinivasaraghavan,G. N. Srinivasa Prasanna,IIIT Bangalore
Gopalakrishnan Srinivasaraghavan 0001,G. N. Srinivasa Prasanna,IIIT Bangalore
Gorur Narayana Srinivasa Prasanna,G. N. Srinivasa Prasanna,IIIT Bangalore
JayPrakash Lalchandani,G. N. Srinivasa Prasanna,IIIT Bangalore
Jyotsna Bapat,G. N. Srinivasa Prasanna,IIIT Bangalore
Jyotsna L. Bapat,G. N. Srinivasa Prasanna,IIIT Bangalore
K. V. Dinesha,G. N. Srinivasa Prasanna,IIIT Bangalore
Preeti Mudliar,G. N. Srinivasa Prasanna,IIIT Bangalore
Sachit Rao,G. N. Srinivasa Prasanna,IIIT Bangalore
Sujit Chakrabarti,G. N. Srinivasa Prasanna,IIIT Bangalore
Sujit Kumar Chakrabarti,G. N. Srinivasa Prasanna,IIIT Bangalore
V. Sridhar,G. N. Srinivasa Prasanna,IIIT Bangalore
G. P. S. Raghava,G. P. S. Raghava,IIIT Delhi
Gajendra P. S. Raghava,G. P. S. Raghava,IIIT Delhi
Gajendra Pal Singh Raghava,G. P. S. Raghava,IIIT Delhi
G. Sivakumar,G. Sivakumar,IIT Bombay
Ganesh Bagler,Ganesh Bagler,IIIT Delhi
Ganesh Ramakrishnan,Ganesh Ramakrishnan,IIT Bombay
Garimella Rama Murthy,Garimella Rama Murthy,IIIT Hyderabad
Garimella Ramamurthy,Garimella Rama Murthy,IIIT Hyderabad
Rama Murthy Garimella,Garimella Rama Murthy,IIIT Hyderabad
Gaurav Harit,Gaurav Harit,IIT Jodhpur
Gaurav Varshney,Gaurav Varshney,IIT Jammu
Gautam Barua,Gautam Barua,IIT Guwahati
Geevarghese Philip,Geevarghese Philip,CMI
Girish Varma,Girish Varma,IIIT Hyderabad
Goutam Paul 0001,Goutam Paul 0001,ISI Kolkata
Govindarajulu Regeti,Govindarajulu Regeti,IIIT Hyderabad
Grace Eden,Grace Eden,IIIT Delhi
Gugan Thoppe,Gugan Thoppe,IISc Bangalore
Hariharan Narayanan,Hariharan Narayanan,Tata Inst. of Fundamental Research
Jatin Batra,Hariharan Narayanan,Tata Inst. of Fundamental Research
Mrinal Kumar 0001,Hariharan Narayanan,Tata Inst. of Fundamental Research
Raghuvansh R. Saxena,Hariharan Narayanan,Tata Inst. of Fundamental Research
Raghuvansh Saxena,Hariharan Narayanan,Tata Inst. of Fundamental Research
Rahul Vaze,Hariharan Narayanan,Tata Inst. of Fundamental Research
Ramprasad Saptharishi,Hariharan Narayanan,Tata Inst. of Fundamental Research
Shibashis Guha,Hariharan Narayanan,Tata Inst. of Fundamental Research
Telikepalli Kavitha,Hariharan Narayanan,Tata Inst. of Fundamental Research
Umang Bhaskar,Hariharan Narayanan,Tata Inst. of Fundamental Research
Vinod M. Prabhakaran,Hariharan Narayanan,Tata Inst. of Fundamental Research
Harikrishnan N. B.,Harikrishnan N. B.,BITS Pilani-Goa
Harikrishnan Nellippallil Balakrishnan,Harikrishnan N. B.,BITS Pilani-Goa
Harkeerat Kaur,Harkeerat Kaur,IIT Jammu
Hema A. Murthy,Hema A. Murthy,IIT Madras
Hemangee K. Kapoor,Hemangee K. Kapoor,IIT Guwahati
Hemangee Kalpesh Kapoor,Hemangee K. Kapoor,IIT Guwahati
Hemant A. Patil,Hemant A. Patil,DAIICT
Hemant Rathore,Hemant Rathore,BITS Pilani-Goa
Ilaiah Kavati,Ilaiah Kavati,National Institute of Technology Warangal
Indranil Saha,Indranil Saha,IIT Kanpur
Indranil Sengupta 0001,Indranil Sengupta 0001,IIT Kharagpur
J. P. Misra,J. P. Misra,BITS Pilani
J. Saketha Nath,J. Saketha Nath,IIT Hyderabad
Jagarlapudi Saketha Nath,J. Saketha Nath,IIT Hyderabad
Jagtap Pushpak,Jagtap Pushpak,IISc Bangalore
Pushpak Jagtap,Jagtap Pushpak,IISc Bangalore
Jaideep Mulherkar,Jaideep Mulherkar,DAIICT
Jaikumar Radhakrishnan,Jaikumar Radhakrishnan,Tata Inst. of Fundamental Research
Jainendra Shukla,Jainendra Shukla,IIIT Delhi
Jamuna Kanta Sing,Jamuna Kanta Sing,Jadavpur University
Janaki Srinivasan,Janaki Srinivasan,IIIT Bangalore
Jatindra Kumar Deka,Jatindra Kumar Deka,IIT Guwahati
Jaya Sreevalsan Nair,Jaya Sreevalsan Nair,IIIT Bangalore
Jayalal Sarma,Jayalal Sarma,IIT Madras
Jayant R. Haritsa,Jayant R. Haritsa,IISc Bangalore
Jayanthi Sivaswamy,Jayanthi Sivaswamy,IIIT Hyderabad
John Augustine,John Augustine,IIT Madras
John Jose,John Jose,IIT Guwahati
Joydeep Chandra,Joydeep Chandra,IIT Patna
Jung Hyun Jun,Jung Hyun Jun,IIT Ropar
K. C. Sivaramakrishnan,K. C. Sivaramakrishnan,IIT Madras
K. Hari Babu,K. Hari Babu,BITS Pilani
K. Haribabu,K. Hari Babu,BITS Pilani
K. K. Shukla 0001,K. K. Shukla 0001,IIT (BHU) Varanasi
Kaushal K. Shukla,K. K. Shukla 0001,IIT (BHU) Varanasi
Kaushal Kumar Shukla,K. K. Shukla 0001,IIT (BHU) Varanasi
K. Madhava Krishna,K. Madhava Krishna,IIIT Hyderabad
Krishnan Madhava Krishna,K. Madhava Krishna,IIIT Hyderabad
K. Narayan Kumar,K. Narayan Kumar,CMI
K. S. Rajan,K. S. Rajan,IIIT Hyderabad
K. Sreenivas Rao,K. Sreenivas Rao,IIT Kharagpur
K. Sreenivasa Rao,K. Sreenivas Rao,IIT Kharagpur
Krothapalli S. Rao,K. Sreenivas Rao,IIT Kharagpur
Krothapalli Sreenivasa Rao,K. Sreenivas Rao,IIT Kharagpur
Rao Sreenivasa Krothapalli,K. Sreenivas Rao,IIT Kharagpur
K. Suganya Devi,K. Suganya Devi,National Institute of Technology Silchar
K. SuganyaDevi,K. Suganya Devi,National Institute of Technology Silchar
Suganya Devi K,K. Suganya Devi,National Institute of Technology Silchar
K. V. Kadambari,K. V. Kadambari,National Institute of Technology Warangal
K. V. Subrahmanyam 0001,K. V. Subrahmanyam 0001,CMI
Subrahmanyam Kambhampati Venkata,K. V. Subrahmanyam 0001,CMI
Kamakoti Veezhinathan,Kamakoti Veezhinathan,IIT Madras
V. Kamakoti 0001,Kamakoti Veezhinathan,IIT Madras
Veezhinathan Kamakoti,Kamakoti Veezhinathan,IIT Madras
Kamal Karlapalem,Kamal Karlapalem,IIIT Hyderabad
Kamalakar Karlapalem,Kamal Karlapalem,IIIT Hyderabad
Kamal Lodaya,Kamal Lodaya,IMSc
R. Ramanujam,Kamal Lodaya,IMSc
R. Ramanujam 0001,Kamal Lodaya,IMSc
Ramaswamy Ramanujam,Kamal Lodaya,IMSc
Venkatesh Raman 0001,Kamal Lodaya,IMSc
Vikram Sharma 0001,Kamal Lodaya,IMSc
Vikraman Arvind,Kamal Lodaya,IMSc
Kamal Sarkar,Kamal Sarkar,Jadavpur University
Kameswari Chebrolu,Kameswari Chebrolu,IIT Bombay
Kamlesh Tiwari,Kamlesh Tiwari,BITS Pilani
Kanchan Manna,Kanchan Manna,BITS Pilani-Goa
Kapil Ahuja,Kapil Ahuja,IIT Indore
Kartik Nagar,Kartik Nagar,IIT Madras
Kavi Arya,Kavi Arya,IIT Bombay
Kishan Chand Gupta,Kishan Chand Gupta,ISI Kolkata
Kishore Kothapalli,Kishore Kothapalli,IIIT Hyderabad
Kishore Prahallad,Kishore Prahallad,IIIT Hyderabad
S. Prahallad Kishore,Kishore Prahallad,IIIT Hyderabad
Kolin Paul,Kolin Paul,IIT Delhi
Kotaro Kataoka,Kotaro Kataoka,IIT Hyderabad
Koteswar Rao Jerripothula,Koteswar Rao Jerripothula,IIIT Delhi
Krishna M. Sivalingam,Krishna M. Sivalingam,IIT Madras
Krishna P. Miyapuram,Krishna P. Miyapuram,IIT Gandhinagar
Krishna Prasad Miyapuram,Krishna P. Miyapuram,IIT Gandhinagar
Krishna Reddy Polepalli,Krishna Reddy Polepalli,IIIT Hyderabad
P. Krishna Reddy,Krishna Reddy Polepalli,IIIT Hyderabad
Polepalli Krishna Reddy,Krishna Reddy Polepalli,IIIT Hyderabad
Pollipalli Krishna Reddy,Krishna Reddy Polepalli,IIIT Hyderabad
Krishna Shankara Narayanan,Krishna Shankara Narayanan,IIT Bombay
S. Krishna 0004,Krishna Shankara Narayanan,IIT Bombay
Shankara Narayanan Krishna,Krishna Shankara Narayanan,IIT Bombay
Shankaranarayanan Krishna,Krishna Shankara Narayanan,IIT Bombay
Krishnan Prasad,Krishnan Prasad,IIIT Hyderabad
Krishnendu Mukhopadhyaya,Krishnendu Mukhopadhyaya,ISI Kolkata
Krithi Ramamritham,Krithi Ramamritham,IIT Bombay
Kshitij Gajjar,Kshitij Gajjar,IIT Jodhpur
Kuldeep Kumar,Kuldeep Kumar,BITS Pilani
Kunal Korgaonkar,Kunal Korgaonkar,BITS Pilani-Goa
Kuntal Ghosh,Kuntal Ghosh,ISI Kolkata
L. Sunil Chandran,L. Sunil Chandran,IISc Bangalore
Laiphrakpam Dolendro Singh,Laiphrakpam Dolendro Singh,National Institute of Technology Silchar
Lavika Goel,Lavika Goel,BITS Pilani
Lawqueen Kanesh,Lawqueen Kanesh,IIT Jodhpur
Laxminarayana S. Pillutla,Laxminarayana S. Pillutla,DAIICT
M. Balakrishnan,M. Balakrishnan,IIT Delhi
M. Narasimha Murty,M. Narasimha Murty,IISc Bangalore
Musti Narasimha Murty,M. Narasimha Murty,IISc Bangalore
Narasimha Murty Musti,M. Narasimha Murty,IISc Bangalore
M. Praveen,M. Praveen,CMI
M. Srinivas,M. Srinivas,National Institute of Technology Warangal
M. V. Panduranga Rao,M. V. Panduranga Rao,IIT Hyderabad
P. K. Srijith,M. V. Panduranga Rao,IIT Hyderabad
Madhav Rao,Madhav Rao,IIIT Bangalore
Madhavan Mukund,Madhavan Mukund,CMI
Madhu Mutyam,Madhu Mutyam,IIT Madras
Mahantapas Kundu,Mahantapas Kundu,Jadavpur University
Mainack Mondal,Mainack Mondal,IIT Kharagpur
Mainak Chaudhuri,Mainak Chaudhuri,IIT Kanpur
Makarand Tapaswi,Makarand Tapaswi,IIIT Hyderabad
Malay Bhattacharyya 0001,Malay Bhattacharyya 0001,ISI Kolkata
Manas Khatua,Manas Khatua,IIT Jodhpur
Mandar Mitra,Mandar Mitra,ISI Kolkata
Manik Lal Das,Manik Lal Das,DAIICT
Manindra Agrawal,Manindra Agrawal,IIT Kanpur
Manish Gupta 0001,Manish Gupta 0001,IIIT Bangalore
Manish Shrivastava 0001,Manish Shrivastava 0001,IIIT Hyderabad
Manish Singh 0002,Manish Singh 0002,IIT Hyderabad
Manjubala Bisi,Manjubala Bisi,National Institute of Technology Warangal
Manohar Kaul,Manohar Kaul,IIT Hyderabad
Manu Kaul,Manohar Kaul,IIT Hyderabad
Manoj Gupta 0002,Manoj Gupta 0002,IIT Gandhinagar
Manoj M. Prabhakaran,Manoj M. Prabhakaran,IIT Bombay
Manoj Prabhakaran,Manoj M. Prabhakaran,IIT Bombay
Manoj Mishra,Manoj Mishra,NISER
Manoj Misra,Manoj Misra,IIT Roorkee
Manoj Singh Gaur,Manoj Singh Gaur,IIT Jammu
Sumit K. Pandey,Manoj Singh Gaur,IIT Jammu
Maria Francis,Maria Francis,IIT Hyderabad
Maunendra Sankar Desarkar,Maunendra Sankar Desarkar,IIT Hyderabad
Mausam,Mausam,IIT Delhi
Maya Ramanath,Maya Ramanath,IIT Delhi
Mayank Singh 0001,Mayank Singh 0001,IIT Gandhinagar
Mayank Vatsa,Mayank Vatsa,IIT Jodhpur
Md. Shad Akhtar,Md. Shad Akhtar,IIIT Delhi
Medha Atre,Medha Atre,IIT Kanpur
Meena Mahajan,Meena Mahajan,IMSc
Milind A. Sohoni,Milind A. Sohoni,IIT Bombay
Mitesh M. Khapra,Mitesh M. Khapra,IIT Madras
Moumita Patra,Moumita Patra,IIIT Hyderabad
Mridul Nandi,Mridul Nandi,ISI Kolkata
Mridul Sankar Barik,Mridul Sankar Barik,Jadavpur University
Muhammad Abulaish,Muhammad Abulaish,South Asian University
Mukesh K. Mohania,Mukesh K. Mohania,IIIT Delhi
Mukesh Kumar Rohil,Mukesh Kumar Rohil,BITS Pilani
Mukesh Kumar Saini,Mukesh Kumar Saini,IIT Ropar
Mukesh Saini,Mukesh Kumar Saini,IIT Ropar
Mukulika Maity,Mukulika Maity,IIIT Delhi
Mulagala Sandhya,Mulagala Sandhya,National Institute of Technology Warangal
Mythili Vutukuru,Mythili Vutukuru,IIT Bombay
N. R. Aravind,N. R. Aravind,IIT Hyderabad
N. Raja,N. Raja,Tata Inst. of Fundamental Research
N. Raja 0001,N. Raja,Tata Inst. of Fundamental Research
Raja Natarajan,N. Raja,Tata Inst. of Fundamental Research
N. S. Narayanaswamy,N. S. Narayanaswamy,IIT Madras
N. Viswanadham,N. Viswanadham,IISc Bangalore
Nabanita Das,Nabanita Das,ISI Kolkata
Nandini Mukherjee,Nandini Mukherjee,Jadavpur University
Narayanan C. Krishnan,Narayanan C. Krishnan,IIT Ropar
Narayanan Chatapuram Krishnan,Narayanan C. Krishnan,IIT Ropar
Narendra S. Chaudhari,Narendra S. Chaudhari,IIT Indore
Naresh Babu M.,Naresh Babu M.,National Institute of Technology Silchar
Naresh Manwani,Naresh Manwani,IIIT Hyderabad
Naveen Garg 0001,Naveen Garg 0001,IIT Delhi
Navneet Goyal,Navneet Goyal,BITS Pilani
Poonam Goyal,Navneet Goyal,BITS Pilani
Neelam Sinha,Neelam Sinha,IIIT Bangalore
Neeldhara Misra,Neeldhara Misra,IIT Gandhinagar
Neena Goveas,Neena Goveas,BITS Pilani-Goa
Neeraj Goel,Neeraj Goel,IIT Ropar
Neha Karanjkar,Neha Karanjkar,IIT Goa
Neminath Hubballi,Neminath Hubballi,IIT Indore
Nibaran Das,Nibaran Das,Jadavpur University
Nikhil R. Pal,Nikhil R. Pal,ISI Kolkata
Nikhil Ranjan Pal,Nikhil R. Pal,ISI Kolkata
Niloy Ganguly,Niloy Ganguly,IIT Kharagpur
Nipun Batra 0001,Nipun Batra 0001,IIT Gandhinagar
Nisheeth Srivastava,Nisheeth Srivastava,IIT Kanpur
Nita Parekh,Nita Parekh,IIIT Hyderabad
Nitin Auluck,Nitin Auluck,IIT Ropar
Nitin Saxena 0001,Nitin Saxena 0001,IIT Kanpur
Ojaswa Sharma,Ojaswa Sharma,IIIT Delhi
Om P. Damani,Om P. Damani,IIT Bombay
P. J. Narayanan,P. J. Narayanan,IIIT Hyderabad
P. P. Chakrabarti,P. P. Chakrabarti,IIT Kharagpur
P. P. Chakrabarti 0001,P. P. Chakrabarti,IIT Kharagpur
Partha Pratim Chakrabarti,P. P. Chakrabarti,IIT Kharagpur
Partha Pratim Chakraborty,P. P. Chakrabarti,IIT Kharagpur
P. Radha Krishna 0001,P. Radha Krishna 0001,National Institute of Technology Warangal
Pisipati Radha Krishna,P. Radha Krishna 0001,National Institute of Technology Warangal
P. Sateesh Kumar,P. Sateesh Kumar,IIT Roorkee
P. Sreenivasa Kumar,P. Sreenivasa Kumar,IIT Madras
P. Ubaidulla,P. Ubaidulla,IIIT Hyderabad
Ubaidulla Pandarakkottilil,P. Ubaidulla,IIIT Hyderabad
P. Venkata Subba Reddy 0001,P. Venkata Subba Reddy 0001,National Institute of Technology Warangal
Venkata Subba Reddy Palagiri,P. Venkata Subba Reddy 0001,National Institute of Technology Warangal
P. Vijay Kumar,P. Vijay Kumar,IISc Bangalore
Pabitra Mitra,Pabitra Mitra,IIT Kharagpur
Padmanabhan Rajan,Padmanabhan Rajan,IIT Mandi
Palash Das,Palash Das,IIT Jodhpur
Palash Dey,Palash Dey,IIT Kharagpur
Palash Sarkar 0001,Palash Sarkar 0001,ISI Kolkata
Pallab Dasgupta,Pallab Dasgupta,IIT Kharagpur
Pallavi Jain 0001,Pallavi Jain 0001,IIT Jodhpur
Pankaj Jalote,Pankaj Jalote,IIIT Delhi
Parag Chaudhuri,Parag Chaudhuri,IIT Bombay
Parag Mausam Singla,Parag Mausam Singla,IIT Delhi
Parag Singla,Parag Mausam Singla,IIT Delhi
Paritosh K. Pandya,Paritosh K. Pandya,Tata Inst. of Fundamental Research
Partha Bhowmick,Partha Bhowmick,IIT Kharagpur
Partha Mukhopadhyay,Partha Mukhopadhyay,CMI
Partha P. Talukdar,Partha P. Talukdar,IISc Bangalore
Partha Pratim Talukdar,Partha P. Talukdar,IISc Bangalore
Partha Pakray,Partha Pakray,National Institute of Technology Silchar
Partha Pratim Das,Partha Pratim Das,IIT Kharagpur
Partha Pratim Roy,Partha Pratim Roy,IIT Roorkee
Pawan Goyal,Pawan Goyal,IIT Kharagpur
Pawan Goyal 0002,Pawan Goyal,IIT Kharagpur
Pawan Kumar,Pawan Kumar,IIIT Hyderabad
Pinaki Mitra,Pinaki Mitra,IIT Guwahati
Pinakpani Pal,Pinakpani Pal,ISI Kolkata
Pinki Roy,Pinki Roy,National Institute of Technology Silchar
Piyus Kedia,Piyus Kedia,IIIT Delhi
Piyush Rai,Piyush Rai,IIT Kanpur
Piyush Srivastava 0001,Piyush Srivastava 0001,Tata Inst. of Fundamental Research
Ponnurangam Kumaraguru,Ponnurangam Kumaraguru,IIIT Hyderabad
Ponnurangam Kumarguru,Ponnurangam Kumaraguru,IIIT Hyderabad
Prabhat Munshi,Prabhat Munshi,IIT Jammu
Pradeesha Ashok,Pradeesha Ashok,IIIT Bangalore
Pradip K. Das,Pradip K. Das,IIT Guwahati
Pradipta Maji,Pradipta Maji,ISI Kolkata
Prahladh Harsha,Prahladh Harsha,Tata Inst. of Fundamental Research
Prajakta Nimbhorkar,Prajakta Nimbhorkar,CMI
Pralay Mitra,Pralay Mitra,IIT Kharagpur
Pranab K. Muhuri,Pranab K. Muhuri,South Asian University
Pranab Kumar Muhuri,Pranab K. Muhuri,South Asian University
Pranab Sen,Pranab Sen,Tata Inst. of Fundamental Research
Prasenjit Majumder,Prasenjit Majumder,DAIICT
Prashanth L. A.,Prashanth L. A.,IIT Madras
Prashanth Lakshmanrao Ananthapadmanabharao,Prashanth L. A.,IIT Madras
Pratik Mazumder,Pratik Mazumder,IIT Jodhpur
Pratik Narang,Pratik Narang,BITS Pilani
Praveen Paruchuri,Praveen Paruchuri,IIIT Hyderabad
Praveen Tammana,Praveen Tammana,IIT Hyderabad
Preethi Jyothi,Preethi Jyothi,IIT Bombay
Preeti Ranjan Panda,Preeti Ranjan Panda,IIT Delhi
Priyanka Chawla,Priyanka Chawla,National Institute of Technology Warangal
Priyanka Srivastava,Priyanka Srivastava,IIIT Hyderabad
Puneet Goyal,Puneet Goyal,IIT Ropar
Purandar Bhaduri,Purandar Bhaduri,IIT Guwahati
Puru Kulkarni,Puru Kulkarni,IIT Bombay
Purushottam Kulkarni,Puru Kulkarni,IIT Bombay
Purushottam Kar,Purushottam Kar,IIT Kanpur
Pushpak Bhattacharya,Pushpak Bhattacharya,IIT Bombay
Pushpak Bhattacharyya,Pushpak Bhattacharya,IIT Bombay
Pushpendra Singh 0001,Pushpendra Singh 0001,IIIT Delhi
R. B. Mishra,R. B. Mishra,IIT (BHU) Varanasi
R. Govindarajan,R. Govindarajan,IISc Bangalore
Ramaswamy Govindarajan,R. Govindarajan,IISc Bangalore
R. Padmavathy,R. Padmavathy,National Institute of Technology Warangal
R.C. Hansdah,R.C. Hansdah,IISc Bangalore
Radhika Mamidi,Radhika Mamidi,IIIT Hyderabad
Ragesh Jaiswal,Ragesh Jaiswal,IIT Delhi
Raghava Mutharaju,Raghava Mutharaju,IIIT Delhi
Raghavan Komondoor,Raghavan Komondoor,IISc Bangalore
Raghunath Tewari,Raghunath Tewari,IIT Kanpur
Rahul Banerjee,Rahul Banerjee,BITS Pilani
Rahul Garg 0001,Rahul Garg 0001,IIT Delhi
Rahul Mohanani,Rahul Mohanani,IIIT Delhi
Rahul Purandare,Rahul Purandare,IIIT Delhi
Rajat K. De,Rajat K. De,ISI Kolkata
Rajat Kumar De,Rajat K. De,ISI Kolkata
Rajat Mittal 0001,Rajat Mittal 0001,IIT Kanpur
Rajat Subhra Chakraborty,Rajat Subhra Chakraborty,IIT Kharagpur
Rajeev Sangal,Rajeev Sangal,IIT (BHU) Varanasi
Rajesh Kumar 0012,Rajesh Kumar 0012,BITS Pilani-Goa
Rajib Mall,Rajib Mall,IIT Kharagpur
Rajiv Misra,Rajiv Misra,IIT Patna
Rajiv Raman 0001,Rajiv Raman 0001,IIIT Delhi
Rajiv Ratn Shah,Rajiv Ratn Shah,IIIT Delhi
Raju Bhukya,Raju Bhukya,National Institute of Technology Warangal
Raju Halder,Raju Halder,IIT Patna
Rakesh Venkat,Rakesh Venkat,IIT Hyderabad
Ram Sarkar,Ram Sarkar,Jadavpur University
Ramakrishna Upadrasta,Ramakrishna Upadrasta,IIT Hyderabad
U. Ramakrishna,Ramakrishna Upadrasta,IIT Hyderabad
U. Ramakrishna 0001,Ramakrishna Upadrasta,IIT Hyderabad
Ramalingaswamy Cheruku,Ramalingaswamy Cheruku,National Institute of Technology Warangal
Ramanathan Subramanian,Ramanathan Subramanian,IIIT Hyderabad
Subramanian Ramanathan,Ramanathan Subramanian,IIIT Hyderabad
Ramprasad Joshi,Ramprasad Joshi,BITS Pilani-Goa
Ramprasad S. Joshi,Ramprasad Joshi,BITS Pilani-Goa
Ranita Biswas,Ranita Biswas,IIT Roorkee
Rashmi Dutta Baruah,Rashmi Dutta Baruah,IIT Guwahati
Rashmi Ranjan Rout,Rashmi Ranjan Rout,National Institute of Technology Warangal
Ratan K. Ghosh,Ratan K. Ghosh,IIT Kanpur
Ravi Kiran Sarvadevabhatla,Ravi Kiran Sarvadevabhatla,IIIT Hyderabad
Ravichandra Sadam,Ravichandra Sadam,National Institute of Technology Warangal
Sadam Ravichandra,Ravichandra Sadam,National Institute of Technology Warangal
Reshma Khemchandani,Reshma Khemchandani,South Asian University
Reshma Rastogi,Reshma Khemchandani,South Asian University
Richa Singh 0001,Richa Singh 0001,IIT Jodhpur
Rijurekha Sen,Rijurekha Sen,IIT Delhi
Rinku Shah,Rinku Shah,IIIT Delhi
Ripon Patgiri,Ripon Patgiri,National Institute of Technology Silchar
Rogers Mathew,Rogers Mathew,IIT Hyderabad
Romi Banerjee,Romi Banerjee,IIT Jodhpur
Rushikesh Joshi,Rushikesh Joshi,IIT Bombay
Rushikesh K. Joshi,Rushikesh Joshi,IIT Bombay
S. Akshay 0001,S. Akshay 0001,IIT Bombay
S. Arun-Kumar 0004,S. Arun-Kumar 0004,IIT Delhi
S. Arunkumar 0004,S. Arun-Kumar 0004,IIT Delhi
S. P. Suresh,S. P. Suresh,CMI
S. Sudarshan 0001,S. Sudarshan 0001,IIT Bombay
S. V. Rao,S. V. Rao,IIT Guwahati
Sachin Chaudhari,Sachin Chaudhari,IIIT Hyderabad
Sajith Gopalan,Sajith Gopalan,IIT Guwahati
Saket Anand,Saket Anand,IIIT Delhi
Saket Saurabh 0001,Saket Saurabh 0001,IMSc
Saladi Rahul,Saladi Rahul,IISc Bangalore
Samar Agnihotri,Samar Agnihotri,IIT Mandi
Samaresh Bera,Samaresh Bera,IIT Jammu
Sambuddho Chakravarty,Sambuddho Chakravarty,IIIT Delhi
Sameer G. Kulkarni,Sameer G. Kulkarni,IIT Gandhinagar
Samir Borgohain,Samir Borgohain,National Institute of Technology Silchar
Samir Kumar Borgohain,Samir Borgohain,National Institute of Technology Silchar
Samir Datta,Samir Datta,CMI
Samit Bhattacharya,Samit Bhattacharya,IIT Guwahati
Sandeep Juneja,Sandeep Juneja,Tata Inst. of Fundamental Research
Sandeep Juneja 0001,Sandeep Juneja,Tata Inst. of Fundamental Research
Sandeep K. Juneja,Sandeep Juneja,Tata Inst. of Fundamental Research
Sandeep K. Shukla,Sandeep K. Shukla,IIT Kanpur
Sandeep Kumar Shukla,Sandeep K. Shukla,IIT Kanpur
Sandeep Sen,Sandeep Sen,IIT Delhi
Sandip Chakraborty,Sandip Chakraborty,IIT Kharagpur
Sandip Das 0001,Sandip Das 0001,ISI Kolkata
Sanghamitra Bandyopadhyay,Sanghamitra Bandyopadhyay,ISI Kolkata
Sangharatna Godboley,Sangharatna Godboley,National Institute of Technology Warangal
Sangharatna J. Godboley,Sangharatna Godboley,National Institute of Technology Warangal
Sanjay K. Sahay,Sanjay K. Sahay,BITS Pilani-Goa
Sanjay Kumar Sahay,Sanjay K. Sahay,BITS Pilani-Goa
Sanjay Kumar Singh,Sanjay Kumar Singh,IIT (BHU) Varanasi
Sanjay Srivastava,Sanjay Srivastava,DAIICT
Sanjaya K. Panda,Sanjaya K. Panda,National Institute of Technology Warangal
Sanjaya Kumar Panda,Sanjaya K. Panda,National Institute of Technology Warangal
Sanjeev Saxena,Sanjeev Saxena,IIT Kanpur
Sanjit Chatterjee,Sanjit Chatterjee,IISc Bangalore
Sanjoy Kumar Saha 0001,Sanjoy Kumar Saha 0001,Jadavpur University
Santanu Chaudhury,Santanu Chaudhury,IIT Jodhpur
Santonu Sarkar,Santonu Sarkar,BITS Pilani-Goa
Santosh Biswas,Santosh Biswas,IIT Guwahati
Saptarshi Ghosh 0001,Saptarshi Ghosh 0001,IIT Kharagpur
Sarbani Palit,Sarbani Palit,ISI Kolkata
Sarbani Roy,Sarbani Roy,Jadavpur University
Sarmistha Neogy,Sarmistha Neogy,Jadavpur University
Saroj K. Biswas 0001,Saroj K. Biswas 0001,National Institute of Technology Silchar
Saroj Kr. Biswas 0001,Saroj K. Biswas 0001,National Institute of Technology Silchar
Saroj Kumar Biswas,Saroj K. Biswas 0001,National Institute of Technology Silchar
Saroj Kumar Biswas 0001,Saroj K. Biswas 0001,National Institute of Technology Silchar
Sasanka Roy,Sasanka Roy,ISI Kolkata
Sasthi C. Ghosh 0001,Sasthi C. Ghosh 0001,ISI Kolkata
Sasthi Charan Ghosh,Sasthi C. Ghosh 0001,ISI Kolkata
Saswata Shannigrahi,Saswata Shannigrahi,IIIT Hyderabad
Sathish Govindarajan,Sathish Govindarajan,IISc Bangalore
Sathya Peri,Sathya Peri,IIT Hyderabad
Satrajit Ghosh,Satrajit Ghosh,IIT Kharagpur
Satyadev Nandakumar,Satyadev Nandakumar,IIT Kanpur
Satyajit Thakor,Satyajit Thakor,IIT Mandi
Satyanath Bhat,Satyanath Bhat,IIT Goa
Saurabh Joshi 0001,Saurabh Joshi 0001,IIT Hyderabad
Sayan Ranu,Sayan Ranu,IIT Delhi
Sayantan Mukherjee,Sayantan Mukherjee,IIT Jammu
Shachi Sharma,Shachi Sharma,South Asian University
Shaifu Gupta,Shaifu Gupta,IIT Jammu
Shalabh Bhatnagar,Shalabh Bhatnagar,IISc Bangalore
Shamik Sural,Shamik Sural,IIT Kharagpur
Shanmuganathan Raman,Shanmuganathan Raman,IIT Gandhinagar
Sharad Sinha,Sharad Sinha,IIT Goa
Sharat Chandran,Sharat Chandran,IIT Bombay
Shashank K. Mehta,Shashank K. Mehta,IIT Kanpur
Shirish K. Shevade,Shirish K. Shevade,IISc Bangalore
Shirish Krishnaj Shevade,Shirish K. Shevade,IISc Bangalore
Shishir Kolathaya,Shishir Kolathaya,IISc Bangalore
Shishir N. Y. Kolathaya,Shishir Kolathaya,IISc Bangalore
Shishir Nadubettu Yadukumar,Shishir Kolathaya,IISc Bangalore
Shivaram Kalyanakrishnan,Shivaram Kalyanakrishnan,IIT Bombay
Shivashankar B. Nair,Shivashankar B. Nair,IIT Guwahati
Shrisha Rao 0001,Shrisha Rao 0001,IIIT Bangalore
Shubhangi K. Gawali,Shubhangi K. Gawali,BITS Pilani-Goa
Shubhra Sankar Ray,Shubhra Sankar Ray,ISI Kolkata
Shweta Agrawal,Shweta Agrawal,IIT Madras
Shyamapada Mukherjee,Shyamapada Mukherjee,National Institute of Technology Silchar
Shyamosree Pal,Shyamosree Pal,National Institute of Technology Silchar
Siddharth Barman,Siddharth Barman,IISc Bangalore
Siddhartha Chaudhuri,Siddhartha Chaudhuri,IIT Bombay
Siddhartha Sarma,Siddhartha Sarma,IIT Mandi
Sivaji Bandyopadhyay,Sivaji Bandyopadhyay,Jadavpur University
Smruti R. Sarangi,Smruti R. Sarangi,IIT Delhi
Smruti Ranjan Sarangi,Smruti R. Sarangi,IIT Delhi
Smruti Sarangi,Smruti R. Sarangi,IIT Delhi
Snehanshu Saha,Snehanshu Saha,BITS Pilani-Goa
Soma Paul,Soma Paul,IIIT Hyderabad
Somak Aditya,Somak Aditya,IIT Kharagpur
Somanath Tripathy,Somanath Tripathy,IIT Patna
Somenath Biswas,Somenath Biswas,IIT Kanpur
Somnath Dey,Somnath Dey,IIT Indore
Sorav Bansal,Sorav Bansal,IIT Delhi
Sougata Sen,Sougata Sen,BITS Pilani-Goa
Soumen Chakrabarti,Soumen Chakrabarti,IIT Bombay
Soumya K. Ghosh,Soumya K. Ghosh,IIT Kharagpur
Soumya K. Ghosh 0001,Soumya K. Ghosh,IIT Kharagpur
Soumya Kanti Ghosh 0001,Soumya K. Ghosh,IIT Kharagpur
Soumyajit Dey,Soumyajit Dey,IIT Kharagpur
Sourangshu Bhattacharya,Sourangshu Bhattacharya,IIT Kharagpur
Sourav Chakraborty 0001,Sourav Chakraborty 0001,ISI Kolkata
Spandan Roy,Spandan Roy,IIIT Hyderabad
Sravan Danda,Sravan Danda,BITS Pilani-Goa
Sridhar Iyer,Sridhar Iyer,IIT Bombay
Srikanta Bedathur,Srikanta Bedathur,IIT Delhi
Srikanta J. Bedathur,Srikanta Bedathur,IIT Delhi
Srikanth T. K,Srikanth T. K,IIIT Bangalore
T. K. Srikanth,Srikanth T. K,IIIT Bangalore
Srinath R. Naidu,Srinath R. Naidu,IIIT Bangalore
Srinath Srinivasa,Srinath Srinivasa,IIIT Bangalore
Sriparna Saha 0001,Sriparna Saha 0001,IIT Patna
Sriram G. Sanjeevi,Sriram G. Sanjeevi,National Institute of Technology Warangal
Sriram Kailasam,Sriram Kailasam,IIT Mandi
Subashish Datta,Subashish Datta,IIT Mandi
Subhabrata Samajder,Subhabrata Samajder,IIIT Delhi
Subhadip Basu,Subhadip Basu,Jadavpur University
Subhajit Roy 0001,Subhajit Roy 0001,IIT Kanpur
Subhajit Sen,Subhajit Sen,IIIT Bangalore
Subhamoy Maitra,Subhamoy Maitra,ISI Kolkata
Subhankar Mishra,Subhankar Mishra,NISER
Subhas C. Nandy,Subhas C. Nandy,ISI Kolkata
Subhashis Banerjee,Subhashis Banerjee,IIT Delhi
Subhasis Bhattacharjee,Subhasis Bhattacharjee,IIT Jammu
Subodh Sharma 0001,Subodh Sharma 0001,IIT Delhi
Subodh Vishnu Sharma,Subodh Sharma 0001,IIT Delhi
Suchetana Chakraborty,Suchetana Chakraborty,IIT Jodhpur
Sudakshina Dutta,Sudakshina Dutta,IIT Goa
Sudeept Mohan,Sudeept Mohan,BITS Pilani
Sudeshna Kolay,Sudeshna Kolay,IIT Kharagpur
Sudeshna Sarkar,Sudeshna Sarkar,IIT Kharagpur
Sudip Kumar Naskar,Sudip Kumar Naskar,Jadavpur University
Sudip Mishra,Sudip Mishra,IIT Kharagpur
Sudip Roy 0001,Sudip Roy 0001,IIT Roorkee
Sudipta Saha,Sudipta Saha,IIT Bhubaneswar
Sugata Gangopadhyay,Sugata Gangopadhyay,IIT Roorkee
Sujata Pal,Sujata Pal,IIT Ropar
Sujay Deb,Sujay Deb,IIIT Delhi
Sujit Das,Sujit Das,National Institute of Technology Warangal
Sujit Gujar,Sujit Gujar,IIIT Hyderabad
Sujith Thomas,Sujith Thomas,BITS Pilani-Goa
Sujoy Ghose,Sujoy Ghose,IIT Kharagpur
Sukhendu Das,Sukhendu Das,IIT Madras
Sukomal Pal,Sukomal Pal,IIT (BHU) Varanasi
Sukumar Nandi,Sukumar Nandi,IIT Guwahati
Suman Banerjee 0002,Suman Banerjee 0002,IIT Jammu
Suman K. Mitra,Suman K. Mitra,DAIICT
Suman Kumar Maji,Suman Kumar Maji,IIT Patna
Suman Kundu,Suman Kundu,IIT Jodhpur
Sumana Ghosh,Sumana Ghosh,ISI Kolkata
Sumit K. Mandal,Sumit K. Mandal,IISc Bangalore
Sumit Kalra,Sumit Kalra,IIT Jodhpur
Sundar Balasubramaniam,Sundar Balasubramaniam,BITS Pilani
Sundar Vishwanathan,Sundar Vishwanathan,IIT Bombay
Sunita Sarawagi,Sunita Sarawagi,IIT Bombay
Supratik Chakraborty,Supratik Chakraborty,IIT Bombay
Supratim Biswas,Supratim Biswas,IIT Bombay
Surender Baswana,Surender Baswana,IIT Kanpur
Suresh Purini,Suresh Purini,IIIT Hyderabad
Surjya Ghosh,Surjya Ghosh,BITS Pilani-Goa
Surya Narayana Raju Undi,Surya Narayana Raju Undi,National Institute of Technology Warangal
U. S. N. Raju,Surya Narayana Raju Undi,National Institute of Technology Warangal
Surya Prakash 0001,Surya Prakash 0001,IIT Indore
Suryakanth V. Gangashetty,Suryakanth V. Gangashetty,IIIT Hyderabad
Sushanta Karmakar,Sushanta Karmakar,IIT Guwahati
Sushmita Mitra,Sushmita Mitra,ISI Kolkata
Susmita Ghosh,Susmita Ghosh,Jadavpur University
Susmita Sur-Kolay,Susmita Sur-Kolay,ISI Kolkata
Sutanu Chakraborti,Sutanu Chakraborti,IIT Madras
Suyash P. Awate,Suyash P. Awate,IIT Bombay
Swagatam Das,Swagatam Das,ISI Kolkata
Swaroop Joshi,Swaroop Joshi,BITS Pilani-Goa
Swati Agarwal 0001,Swati Agarwal 0001,BITS Pilani-Goa
Syamantak Das,Syamantak Das,IIIT Delhi
Syed Azeemuddin,Syed Azeemuddin,IIIT Hyderabad
T. Ramakrishnudu,T. Ramakrishnudu,National Institute of Technology Warangal
T. V. Prabhakar,T. V. Prabhakar,IIT Kanpur
T. Venkatesh,T. Venkatesh,IIT Guwahati
Tanmay T. Verlekar,Tanmay T. Verlekar,BITS Pilani-Goa
Tanmay Tulsidas Verlekar,Tanmay T. Verlekar,BITS Pilani-Goa
Thoudam Doren Singh,Thoudam Doren Singh,National Institute of Technology Silchar
Tricha Anjali,Tricha Anjali,IIIT Bangalore
Tushar Jain,Tushar Jain,IIT Mandi
U. Pal 0001,U. Pal 0001,ISI Kolkata
Umapada Pal 0001,U. Pal 0001,ISI Kolkata
Uday Bondhugula,Uday Bondhugula,IISc Bangalore
Uday P. Khedker,Uday P. Khedker,IIT Bombay
Ujjwal Bhattacharya,Ujjwal Bhattacharya,ISI Kolkata
Ujjwal Maulik,Ujjwal Maulik,Jadavpur University
Ujwala Baruah,Ujwala Baruah,National Institute of Technology Silchar
Umesh Bellur,Umesh Bellur,IIT Bombay
Utpal Garain,Utpal Garain,ISI Kolkata
V. Krishna Nandivada,V. Krishna Nandivada,IIT Madras
V. N. Muralidhara,V. N. Muralidhara,IIIT Bangalore
V. Ramasubramanian,V. Ramasubramanian,IIIT Bangalore
V. Vijaya Saradhi,V. Vijaya Saradhi,IIT Guwahati
Varsha Apte,Varsha Apte,IIT Bombay
Varun Dutt,Varun Dutt,IIT Mandi
Vaskar Raychoudhury,Vaskar Raychoudhury,IIT Roorkee
Vasudeva Varma,Vasudeva Varma,IIIT Hyderabad
Venkata Ramana Badarla,Venkata Ramana Badarla,IIT Jodhpur
Venkataramana Badarla,Venkata Ramana Badarla,IIT Jodhpur
Venkatesh Choppella,Venkatesh Choppella,IIIT Hyderabad
Venkateswara Rao Kagita,Venkateswara Rao Kagita,National Institute of Technology Warangal
Vijay Natarajan,Vijay Natarajan,IISc Bangalore
Vikram Goyal,Vikram Goyal,IIIT Delhi
Vikram Pudi,Vikram Pudi,IIIT Hyderabad
Vimal Raj Sharma,Vimal Raj Sharma,IIT Jodhpur
Vimalraj Sharma,Vimal Raj Sharma,IIT Jodhpur
Vinay J. Ribeiro,Vinay J. Ribeiro,IIT Bombay
Vinay Joseph Ribeiro,Vinay J. Ribeiro,IIT Bombay
Vinay Namboodiri,Vinay Namboodiri,IIT Kanpur
Vinayak Abrol,Vinayak Abrol,IIIT Delhi
Vinayak Naik,Vinayak Naik,BITS Pilani-Goa
Vinayak S. Naik,Vinayak Naik,BITS Pilani-Goa
Vineet Gandhi,Vineet Gandhi,IIIT Hyderabad
Vineeth Balasubramanian,Vineeth Balasubramanian,IIT Hyderabad
Vineeth N. Balasubramanian,Vineeth Balasubramanian,IIT Hyderabad
Vineeth Nallure Balasubramanian,Vineeth Balasubramanian,IIT Hyderabad
Vinit Jakhetiya,Vinit Jakhetiya,IIT Jammu
Vinod Ganapathy,Vinod Ganapathy,IISc Bangalore
Vinti Agarwal,Vinti Agarwal,BITS Pilani
Virendra Singh,Virendra Singh,IIT Bombay
Vishal Garg,Vishal Garg,IIIT Hyderabad
Vivek Kumar 0001,Vivek Kumar 0001,IIIT Delhi
Yamuna Prasad,Yamuna Prasad,IIT Jammu
Yashaswi Verma,Yashaswi Verma,IIT Jodhpur
Yashvardhan Sharma,Yashvardhan Sharma,BITS Pilani
